CountryName,CategoryName,CategoryTotal
Afghanistan,Child labour (%)+2005–2012*__total,10.3
Afghanistan,Child labour (%)+2005–2012*__male,11
Afghanistan,Child labour (%)+2005–2012*__female,9.6
Afghanistan,Child marriage (%)2005–2012*__married by 15,15
Afghanistan,Child marriage (%)2005–2012*__married by 18,40.4
Afghanistan,Birth registration (%)+2005–2012*__total,37.4
Afghanistan,Justification of wife beating (%) 2005–2012*__female,90.2
Afghanistan,Violent discipline (%)+2005–2012*__total,74.4
Afghanistan,Violent discipline (%)+2005–2012*__male,74.8
Afghanistan,Violent discipline (%)+2005–2012*__female,74.1
Albania,Child labour (%)+2005–2012*__total,12
Albania,Child labour (%)+2005–2012*__male,14.4
Albania,Child labour (%)+2005–2012*__female,9.4
Albania,Child marriage (%)2005–2012*__married by 15,0.2
Albania,Child marriage (%)2005–2012*__married by 18,9.6
Albania,Birth registration (%)+2005–2012*__total,98.6
Albania,Justification of wife beating (%) 2005–2012*__male,36.4
Albania,Justification of wife beating (%) 2005–2012*__female,29.8
Albania,Violent discipline (%)+2005–2012*__total,75.1
Albania,Violent discipline (%)+2005–2012*__male,78.3
Albania,Violent discipline (%)+2005–2012*__female,71.4
Algeria,Child labour (%)+2005–2012*__total,4.7
Algeria,Child labour (%)+2005–2012*__male,5.5
Algeria,Child labour (%)+2005–2012*__female,3.9
Algeria,Child marriage (%)2005–2012*__married by 15,0.1
Algeria,Child marriage (%)2005–2012*__married by 18,1.8
Algeria,Birth registration (%)+2005–2012*__total,99.3
Algeria,Justification of wife beating (%) 2005–2012*__female,67.9
Algeria,Violent discipline (%)+2005–2012*__total,87.7
Algeria,Violent discipline (%)+2005–2012*__male,88.8
Algeria,Violent discipline (%)+2005–2012*__female,86.5
Andorra,Birth registration (%)+2005–2012*__total,100
Angola,Child labour (%)+2005–2012*__total,23.5
Angola,Child labour (%)+2005–2012*__male,22.1
Angola,Child labour (%)+2005–2012*__female,24.8
Angola,Birth registration (%)+2005–2012*__total,36
Argentina,Child labour (%)+2005–2012*__total,6.5
Argentina,Child labour (%)+2005–2012*__male,7.6
Argentina,Child labour (%)+2005–2012*__female,5.2
Argentina,Birth registration (%)+2005–2012*__total,99
Armenia,Child labour (%)+2005–2012*__total,3.9
Armenia,Child labour (%)+2005–2012*__male,4.7
Armenia,Child labour (%)+2005–2012*__female,2.9
Armenia,Child marriage (%)2005–2012*__married by 18,7.2
Armenia,Birth registration (%)+2005–2012*__total,99.6
Armenia,Justification of wife beating (%) 2005–2012*__male,19.9
Armenia,Justification of wife beating (%) 2005–2012*__female,9.3
Armenia,Violent discipline (%)+2005–2012*__total,69.6
Armenia,Violent discipline (%)+2005–2012*__male,72
Armenia,Violent discipline (%)+2005–2012*__female,66.9
Australia,Birth registration (%)+2005–2012*__total,100
Austria,Birth registration (%)+2005–2012*__total,100
Azerbaijan,Child labour (%)+2005–2012*__total,6.5
Azerbaijan,Child labour (%)+2005–2012*__male,7.5
Azerbaijan,Child labour (%)+2005–2012*__female,5.4
Azerbaijan,Child marriage (%)2005–2012*__married by 15,0.7
Azerbaijan,Child marriage (%)2005–2012*__married by 18,12.2
Azerbaijan,Birth registration (%)+2005–2012*__total,93.6
Azerbaijan,Justification of wife beating (%) 2005–2012*__male,58.3
Azerbaijan,Justification of wife beating (%) 2005–2012*__female,49
Azerbaijan,Violent discipline (%)+2005–2012*__total,75.2
Azerbaijan,Violent discipline (%)+2005–2012*__male,78.8
Azerbaijan,Violent discipline (%)+2005–2012*__female,71.4
Bahrain,Child labour (%)+2005–2012*__total,4.6
Bahrain,Child labour (%)+2005–2012*__male,6.3
Bahrain,Child labour (%)+2005–2012*__female,3
Bangladesh,Child labour (%)+2005–2012*__total,12.8
Bangladesh,Child labour (%)+2005–2012*__male,17.5
Bangladesh,Child labour (%)+2005–2012*__female,8.1
Bangladesh,Child marriage (%)2005–2012*__married by 15,29.1
Bangladesh,Child marriage (%)2005–2012*__married by 18,64.9
Bangladesh,Birth registration (%)+2005–2012*__total,30.5
Bangladesh,Justification of wife beating (%) 2005–2012*__female,32.5
Belarus,Child labour (%)+2005–2012*__total,1.4
Belarus,Child labour (%)+2005–2012*__male,1.3
Belarus,Child labour (%)+2005–2012*__female,1.5
Belarus,Child marriage (%)2005–2012*__married by 18,3.2
Belarus,Birth registration (%)+2005–2012*__total,100
Belarus,Justification of wife beating (%) 2005–2012*__male,4.2
Belarus,Justification of wife beating (%) 2005–2012*__female,4.1
Belarus,Violent discipline (%)+2005–2012*__total,64.5
Belarus,Violent discipline (%)+2005–2012*__male,67.4
Belarus,Violent discipline (%)+2005–2012*__female,61.7
Belgium,Birth registration (%)+2005–2012*__total,100
Belize,Child labour (%)+2005–2012*__total,5.8
Belize,Child labour (%)+2005–2012*__male,6.7
Belize,Child labour (%)+2005–2012*__female,5
Belize,Child marriage (%)2005–2012*__married by 15,3.4
Belize,Child marriage (%)2005–2012*__married by 18,25.9
Belize,Birth registration (%)+2005–2012*__total,95.2
Belize,Justification of wife beating (%) 2005–2012*__female,8.6
Belize,Violent discipline (%)+2005–2012*__total,70.5
Belize,Violent discipline (%)+2005–2012*__male,71.3
Belize,Violent discipline (%)+2005–2012*__female,69.7
Benin,Child labour (%)+2005–2012*__total,45.6
Benin,Child labour (%)+2005–2012*__male,46.5
Benin,Child labour (%)+2005–2012*__female,44.6
Benin,Child marriage (%)2005–2012*__married by 15,7.9
Benin,Child marriage (%)2005–2012*__married by 18,34.4
Benin,Birth registration (%)+2005–2012*__total,80.2
Benin,Female genital mutilation/cutting (%)+2002–2012*_prevalence_womena  ,12.9
Benin,Female genital mutilation/cutting (%)+2002–2012*_prevalence_girlsb ,2.2
Benin,Female genital mutilation/cutting (%)+2002–2012*_attitudes_support for the practicec,1.4
Benin,Justification of wife beating (%) 2005–2012*__male,13.5
Benin,Justification of wife beating (%) 2005–2012*__female,46.6
Bhutan,Child labour (%)+2005–2012*__total,2.9
Bhutan,Child labour (%)+2005–2012*__male,2.6
Bhutan,Child labour (%)+2005–2012*__female,3.1
Bhutan,Child marriage (%)2005–2012*__married by 15,6.2
Bhutan,Child marriage (%)2005–2012*__married by 18,25.8
Bhutan,Birth registration (%)+2005–2012*__total,99.9
Bhutan,Justification of wife beating (%) 2005–2012*__female,68.4
Bolivia (Plurinational State of),Child labour (%)+2005–2012*__total,26.4
Bolivia (Plurinational State of),Child labour (%)+2005–2012*__male,28.2
Bolivia (Plurinational State of),Child labour (%)+2005–2012*__female,24.4
Bolivia (Plurinational State of),Child marriage (%)2005–2012*__married by 15,3.2
Bolivia (Plurinational State of),Child marriage (%)2005–2012*__married by 18,21.7
Bolivia (Plurinational State of),Birth registration (%)+2005–2012*__total,75.8
Bolivia (Plurinational State of),Justification of wife beating (%) 2005–2012*__female,16.1
Bosnia and Herzegovina,Child labour (%)+2005–2012*__total,5.3
Bosnia and Herzegovina,Child labour (%)+2005–2012*__male,6.6
Bosnia and Herzegovina,Child labour (%)+2005–2012*__female,3.9
Bosnia and Herzegovina,Child marriage (%)2005–2012*__married by 15,0.2
Bosnia and Herzegovina,Child marriage (%)2005–2012*__married by 18,3.5
Bosnia and Herzegovina,Birth registration (%)+2005–2012*__total,99.5
Bosnia and Herzegovina,Justification of wife beating (%) 2005–2012*__male,6
Bosnia and Herzegovina,Justification of wife beating (%) 2005–2012*__female,4.8
Bosnia and Herzegovina,Violent discipline (%)+2005–2012*__total,55.2
Bosnia and Herzegovina,Violent discipline (%)+2005–2012*__male,60.4
Bosnia and Herzegovina,Violent discipline (%)+2005–2012*__female,49.5
Botswana,Child labour (%)+2005–2012*__total,9
Botswana,Child labour (%)+2005–2012*__male,10.9
Botswana,Child labour (%)+2005–2012*__female,7
Botswana,Birth registration (%)+2005–2012*__total,72.2
Brazil,Child labour (%)+2005–2012*__total,8.6
Brazil,Child labour (%)+2005–2012*__male,11.2
Brazil,Child labour (%)+2005–2012*__female,5.9
Brazil,Child marriage (%)2005–2012*__married by 15,10.5
Brazil,Child marriage (%)2005–2012*__married by 18,35.6
Brazil,Birth registration (%)+2005–2012*__total,93.4
Bulgaria,Birth registration (%)+2005–2012*__total,100
Burkina Faso,Child labour (%)+2005–2012*__total,39.2
Burkina Faso,Child labour (%)+2005–2012*__male,42.3
Burkina Faso,Child labour (%)+2005–2012*__female,36
Burkina Faso,Child marriage (%)2005–2012*__married by 15,10.2
Burkina Faso,Child marriage (%)2005–2012*__married by 18,51.6
Burkina Faso,Birth registration (%)+2005–2012*__total,76.9
Burkina Faso,Female genital mutilation/cutting (%)+2002–2012*_prevalence_womena  ,75.8
Burkina Faso,Female genital mutilation/cutting (%)+2002–2012*_prevalence_girlsb ,13.3
Burkina Faso,Female genital mutilation/cutting (%)+2002–2012*_attitudes_support for the practicec,9.3
Burkina Faso,Justification of wife beating (%) 2005–2012*__male,34.1
Burkina Faso,Justification of wife beating (%) 2005–2012*__female,43.5
Burkina Faso,Violent discipline (%)+2005–2012*__total,82.7
Burkina Faso,Violent discipline (%)+2005–2012*__male,83.8
Burkina Faso,Violent discipline (%)+2005–2012*__female,81.5
Burundi,Child labour (%)+2005–2012*__total,26.3
Burundi,Child labour (%)+2005–2012*__male,25.5
Burundi,Child labour (%)+2005–2012*__female,27.1
Burundi,Child marriage (%)2005–2012*__married by 15,2.5
Burundi,Child marriage (%)2005–2012*__married by 18,20.4
Burundi,Birth registration (%)+2005–2012*__total,75.2
Burundi,Justification of wife beating (%) 2005–2012*__male,44.3
Burundi,Justification of wife beating (%) 2005–2012*__female,72.9
Cabo Verde,Child labour (%)+2005–2012*__total,3.2
Cabo Verde,Child labour (%)+2005–2012*__male,3.7
Cabo Verde,Child labour (%)+2005–2012*__female,2.5
Cabo Verde,Child marriage (%)2005–2012*__married by 15,2.8
Cabo Verde,Child marriage (%)2005–2012*__married by 18,18
Cabo Verde,Birth registration (%)+2005–2012*__total,91.4
Cabo Verde,Justification of wife beating (%) 2005–2012*__male,16.3
Cabo Verde,Justification of wife beating (%) 2005–2012*__female,17.3
Cambodia,Child labour (%)+2005–2012*__total,36.1
Cambodia,Child labour (%)+2005–2012*__male,36.4
Cambodia,Child labour (%)+2005–2012*__female,35.9
Cambodia,Child marriage (%)2005–2012*__married by 15,2.1
Cambodia,Child marriage (%)2005–2012*__married by 18,18.4
Cambodia,Birth registration (%)+2005–2012*__total,62.1
Cambodia,Justification of wife beating (%) 2005–2012*__male,22.4
Cambodia,Justification of wife beating (%) 2005–2012*__female,45.7
Cameroon,Child labour (%)+2005–2012*__total,41.7
Cameroon,Child labour (%)+2005–2012*__male,43.1
Cameroon,Child labour (%)+2005–2012*__female,40.2
Cameroon,Child marriage (%)2005–2012*__married by 15,13.4
Cameroon,Child marriage (%)2005–2012*__married by 18,38.4
Cameroon,Birth registration (%)+2005–2012*__total,61.4
Cameroon,Female genital mutilation/cutting (%)+2002–2012*_prevalence_womena  ,1.4
Cameroon,Female genital mutilation/cutting (%)+2002–2012*_prevalence_girlsb ,0.7
Cameroon,Female genital mutilation/cutting (%)+2002–2012*_attitudes_support for the practicec,6.6
Cameroon,Justification of wife beating (%) 2005–2012*__male,38.7
Cameroon,Justification of wife beating (%) 2005–2012*__female,46.5
Cameroon,Violent discipline (%)+2005–2012*__total,93
Cameroon,Violent discipline (%)+2005–2012*__male,93.4
Cameroon,Violent discipline (%)+2005–2012*__female,92.6
Canada,Birth registration (%)+2005–2012*__total,100
Central African Republic ,Child labour (%)+2005–2012*__total,28.5
Central African Republic ,Child labour (%)+2005–2012*__male,27.2
Central African Republic ,Child labour (%)+2005–2012*__female,29.9
Central African Republic ,Child marriage (%)2005–2012*__married by 15,29.1
Central African Republic ,Child marriage (%)2005–2012*__married by 18,67.9
Central African Republic ,Birth registration (%)+2005–2012*__total,61
Central African Republic ,Female genital mutilation/cutting (%)+2002–2012*_prevalence_womena  ,24.2
Central African Republic ,Female genital mutilation/cutting (%)+2002–2012*_prevalence_girlsb ,1.2
Central African Republic ,Female genital mutilation/cutting (%)+2002–2012*_attitudes_support for the practicec,11.3
Central African Republic ,Justification of wife beating (%) 2005–2012*__male,80.3
Central African Republic ,Justification of wife beating (%) 2005–2012*__female,79.6
Central African Republic ,Violent discipline (%)+2005–2012*__total,92
Central African Republic ,Violent discipline (%)+2005–2012*__male,91.9
Central African Republic ,Violent discipline (%)+2005–2012*__female,92.1
Chad,Child labour (%)+2005–2012*__total,26.1
Chad,Child labour (%)+2005–2012*__male,24.5
Chad,Child labour (%)+2005–2012*__female,27.8
Chad,Child marriage (%)2005–2012*__married by 15,29
Chad,Child marriage (%)2005–2012*__married by 18,68.1
Chad,Birth registration (%)+2005–2012*__total,15.7
Chad,Female genital mutilation/cutting (%)+2002–2012*_prevalence_womena  ,44.3
Chad,Female genital mutilation/cutting (%)+2002–2012*_prevalence_girlsb ,18.2
Chad,Female genital mutilation/cutting (%)+2002–2012*_attitudes_support for the practicec,37.7
Chad,Justification of wife beating (%) 2005–2012*__female,62.3
Chad,Violent discipline (%)+2005–2012*__total,84.3
Chad,Violent discipline (%)+2005–2012*__male,85
Chad,Violent discipline (%)+2005–2012*__female,83.6
Chile,Child labour (%)+2005–2012*__total,2.9
Chile,Child labour (%)+2005–2012*__male,3.4
Chile,Child labour (%)+2005–2012*__female,2.4
Chile,Birth registration (%)+2005–2012*__total,99.8
Colombia,Child labour (%)+2005–2012*__total,13
Colombia,Child labour (%)+2005–2012*__male,16.6
Colombia,Child labour (%)+2005–2012*__female,8.9
Colombia,Child marriage (%)2005–2012*__married by 15,5.6
Colombia,Child marriage (%)2005–2012*__married by 18,23
Colombia,Birth registration (%)+2005–2012*__total,96.5
Comoros,Child labour (%)+2005–2012*__total,27.1
Comoros,Child labour (%)+2005–2012*__male,26.4
Comoros,Child labour (%)+2005–2012*__female,28
Comoros,Birth registration (%)+2005–2012*__total,88
Congo,Child labour (%)+2005–2012*__total,24.7
Congo,Child labour (%)+2005–2012*__male,24.2
Congo,Child labour (%)+2005–2012*__female,25.1
Congo,Child marriage (%)2005–2012*__married by 15,6.7
Congo,Child marriage (%)2005–2012*__married by 18,33.3
Congo,Birth registration (%)+2005–2012*__total,91
Congo,Justification of wife beating (%) 2005–2012*__female,75.7
Costa Rica,Child labour (%)+2005–2012*__total,4.7
Costa Rica,Child labour (%)+2005–2012*__male,6
Costa Rica,Child labour (%)+2005–2012*__female,3.4
Côte d'Ivoire,Child labour (%)+2005–2012*__total,26
Côte d'Ivoire,Child labour (%)+2005–2012*__male,25
Côte d'Ivoire,Child labour (%)+2005–2012*__female,28
Côte d'Ivoire,Child marriage (%)2005–2012*__married by 15,9.8
Côte d'Ivoire,Child marriage (%)2005–2012*__married by 18,33.2
Côte d'Ivoire,Birth registration (%)+2005–2012*__total,65
Côte d'Ivoire,Female genital mutilation/cutting (%)+2002–2012*_prevalence_womena  ,38.2
Côte d'Ivoire,Female genital mutilation/cutting (%)+2002–2012*_prevalence_girlsb ,10
Côte d'Ivoire,Female genital mutilation/cutting (%)+2002–2012*_attitudes_support for the practicec,13.8
Côte d'Ivoire,Justification of wife beating (%) 2005–2012*__male,42
Côte d'Ivoire,Justification of wife beating (%) 2005–2012*__female,47.9
Côte d'Ivoire,Violent discipline (%)+2005–2012*__total,90.9
Côte d'Ivoire,Violent discipline (%)+2005–2012*__male,90.7
Côte d'Ivoire,Violent discipline (%)+2005–2012*__female,91.2
Cuba,Child marriage (%)2005–2012*__married by 15,8.9
Cuba,Child marriage (%)2005–2012*__married by 18,40.4
Cuba,Birth registration (%)+2005–2012*__total,100
Cyprus,Birth registration (%)+2005–2012*__total,100
Czech Republic,Birth registration (%)+2005–2012*__total,100
Democratic People's Republic of Korea,Birth registration (%)+2005–2012*__total,100
Democratic Republic of the Congo,Child labour (%)+2005–2012*__total,15
Democratic Republic of the Congo,Child labour (%)+2005–2012*__male,13.1
Democratic Republic of the Congo,Child labour (%)+2005–2012*__female,16.8
Democratic Republic of the Congo,Child marriage (%)2005–2012*__married by 15,9.3
Democratic Republic of the Congo,Child marriage (%)2005–2012*__married by 18,39.4
Democratic Republic of the Congo,Birth registration (%)+2005–2012*__total,27.8
Democratic Republic of the Congo,Justification of wife beating (%) 2005–2012*__female,75.9
Democratic Republic of the Congo,Violent discipline (%)+2005–2012*__total,91.6
Democratic Republic of the Congo,Violent discipline (%)+2005–2012*__male,92.1
Democratic Republic of the Congo,Violent discipline (%)+2005–2012*__female,91.2
Denmark,Birth registration (%)+2005–2012*__total,100
Djibouti,Child labour (%)+2005–2012*__total,7.7
Djibouti,Child labour (%)+2005–2012*__male,7.6
Djibouti,Child labour (%)+2005–2012*__female,7.7
Djibouti,Child marriage (%)2005–2012*__married by 15,1.8
Djibouti,Child marriage (%)2005–2012*__married by 18,5.4
Djibouti,Birth registration (%)+2005–2012*__total,92
Djibouti,Female genital mutilation/cutting (%)+2002–2012*_prevalence_womena  ,93.1
Djibouti,Female genital mutilation/cutting (%)+2002–2012*_prevalence_girlsb ,48.5
Djibouti,Female genital mutilation/cutting (%)+2002–2012*_attitudes_support for the practicec,36.6
Djibouti,Violent discipline (%)+2005–2012*__total,72.1
Djibouti,Violent discipline (%)+2005–2012*__male,73.1
Djibouti,Violent discipline (%)+2005–2012*__female,71.1
Dominican Republic,Child labour (%)+2005–2012*__total,12.9
Dominican Republic,Child labour (%)+2005–2012*__male,17.5
Dominican Republic,Child labour (%)+2005–2012*__female,7.9
Dominican Republic,Child marriage (%)2005–2012*__married by 15,11.7
Dominican Republic,Child marriage (%)2005–2012*__married by 18,40.8
Dominican Republic,Birth registration (%)+2005–2012*__total,82.4
Dominican Republic,Justification of wife beating (%) 2005–2012*__female,4.1
Dominican Republic,Violent discipline (%)+2005–2012*__total,67.4
Dominican Republic,Violent discipline (%)+2005–2012*__male,69.3
Dominican Republic,Violent discipline (%)+2005–2012*__female,65.2
Ecuador,Child labour (%)+2005–2012*__total,7.5
Ecuador,Child labour (%)+2005–2012*__male,7.1
Ecuador,Child labour (%)+2005–2012*__female,7.9
Ecuador,Child marriage (%)2005–2012*__married by 15,3.8
Ecuador,Child marriage (%)2005–2012*__married by 18,22.2
Ecuador,Birth registration (%)+2005–2012*__total,90
Egypt,Child labour (%)+2005–2012*__total,9.3
Egypt,Child labour (%)+2005–2012*__male,14.3
Egypt,Child labour (%)+2005–2012*__female,4
Egypt,Child marriage (%)2005–2012*__married by 15,2.2
Egypt,Child marriage (%)2005–2012*__married by 18,16.6
Egypt,Birth registration (%)+2005–2012*__total,99
Egypt,Female genital mutilation/cutting (%)+2002–2012*_prevalence_womena  ,91.1
Egypt,Female genital mutilation/cutting (%)+2002–2012*_prevalence_girlsb ,16.5
Egypt,Female genital mutilation/cutting (%)+2002–2012*_attitudes_support for the practicec,54
Egypt,Justification of wife beating (%) 2005–2012*__female,39.3
Egypt,Violent discipline (%)+2005–2012*__total,90.7
Egypt,Violent discipline (%)+2005–2012*__male,91.7
Egypt,Violent discipline (%)+2005–2012*__female,90.2
El Salvador,Child labour (%)+2005–2012*__total,10.4
El Salvador,Child marriage (%)2005–2012*__married by 15,5
El Salvador,Child marriage (%)2005–2012*__married by 18,25.4
El Salvador,Birth registration (%)+2005–2012*__total,98.6
Equatorial Guinea,Child labour (%)+2005–2012*__total,27.8
Equatorial Guinea,Child labour (%)+2005–2012*__male,27.9
Equatorial Guinea,Child labour (%)+2005–2012*__female,27.6
Equatorial Guinea,Birth registration (%)+2005–2012*__total,37
Eritrea,Child marriage (%)2005–2012*__married by 15,19.6
Eritrea,Child marriage (%)2005–2012*__married by 18,47
Eritrea,Female genital mutilation/cutting (%)+2002–2012*_prevalence_womena  ,88.7
Eritrea,Female genital mutilation/cutting (%)+2002–2012*_prevalence_girlsb ,62.5
Eritrea,Female genital mutilation/cutting (%)+2002–2012*_attitudes_support for the practicec,48.8
Eritrea,Justification of wife beating (%) 2005–2012*__female,70.7
Estonia,Birth registration (%)+2005–2012*__total,100
Ethiopia,Child labour (%)+2005–2012*__total,27.4
Ethiopia,Child labour (%)+2005–2012*__male,31.1
Ethiopia,Child labour (%)+2005–2012*__female,23.5
Ethiopia,Child marriage (%)2005–2012*__married by 15,16.3
Ethiopia,Child marriage (%)2005–2012*__married by 18,41
Ethiopia,Birth registration (%)+2005–2012*__total,6.6
Ethiopia,Female genital mutilation/cutting (%)+2002–2012*_prevalence_womena  ,74.3
Ethiopia,Female genital mutilation/cutting (%)+2002–2012*_prevalence_girlsb ,24.4
Ethiopia,Female genital mutilation/cutting (%)+2002–2012*_attitudes_support for the practicec,31.4
Ethiopia,Justification of wife beating (%) 2005–2012*__male,44.9
Ethiopia,Justification of wife beating (%) 2005–2012*__female,68.4
Fiji,Violent discipline (%)+2005–2012*__total,72
Finland,Birth registration (%)+2005–2012*__total,100
France,Birth registration (%)+2005–2012*__total,100
Gabon,Child labour (%)+2005–2012*__total,13.4
Gabon,Child labour (%)+2005–2012*__male,15.4
Gabon,Child labour (%)+2005–2012*__female,11.6
Gabon,Child marriage (%)2005–2012*__married by 15,5.6
Gabon,Child marriage (%)2005–2012*__married by 18,21.9
Gabon,Birth registration (%)+2005–2012*__total,89.6
Gabon,Justification of wife beating (%) 2005–2012*__male,39.7
Gabon,Justification of wife beating (%) 2005–2012*__female,50.2
Gambia,Child labour (%)+2005–2012*__total,19.2
Gambia,Child labour (%)+2005–2012*__male,20.9
Gambia,Child labour (%)+2005–2012*__female,17.5
Gambia,Child marriage (%)2005–2012*__married by 15,7.3
Gambia,Child marriage (%)2005–2012*__married by 18,36.4
Gambia,Birth registration (%)+2005–2012*__total,52.5
Gambia,Female genital mutilation/cutting (%)+2002–2012*_prevalence_womena  ,76.4
Gambia,Female genital mutilation/cutting (%)+2002–2012*_prevalence_girlsb ,56.1
Gambia,Female genital mutilation/cutting (%)+2002–2012*_attitudes_support for the practicec,64.2
Gambia,Justification of wife beating (%) 2005–2012*__female,74.5
Gambia,Violent discipline (%)+2005–2012*__total,90.3
Gambia,Violent discipline (%)+2005–2012*__male,89.6
Gambia,Violent discipline (%)+2005–2012*__female,91
Georgia,Child labour (%)+2005–2012*__total,18.4
Georgia,Child labour (%)+2005–2012*__male,20
Georgia,Child labour (%)+2005–2012*__female,16.6
Georgia,Child marriage (%)2005–2012*__married by 15,1.1
Georgia,Child marriage (%)2005–2012*__married by 18,14
Georgia,Birth registration (%)+2005–2012*__total,98.5
Georgia,Justification of wife beating (%) 2005–2012*__female,6.9
Georgia,Violent discipline (%)+2005–2012*__total,66.9
Georgia,Violent discipline (%)+2005–2012*__male,70.1
Georgia,Violent discipline (%)+2005–2012*__female,63.3
Germany,Birth registration (%)+2005–2012*__total,100
Ghana,Child labour (%)+2005–2012*__total,33.9
Ghana,Child labour (%)+2005–2012*__male,33.8
Ghana,Child labour (%)+2005–2012*__female,34
Ghana,Child marriage (%)2005–2012*__married by 15,5
Ghana,Child marriage (%)2005–2012*__married by 18,20.7
Ghana,Birth registration (%)+2005–2012*__total,62.5
Ghana,Female genital mutilation/cutting (%)+2002–2012*_prevalence_womena  ,3.8
Ghana,Female genital mutilation/cutting (%)+2002–2012*_prevalence_girlsb ,0.5
Ghana,Female genital mutilation/cutting (%)+2002–2012*_attitudes_support for the practicec,2.4
Ghana,Justification of wife beating (%) 2005–2012*__male,25.7
Ghana,Justification of wife beating (%) 2005–2012*__female,44.1
Ghana,Violent discipline (%)+2005–2012*__total,93.6
Ghana,Violent discipline (%)+2005–2012*__male,93.5
Ghana,Violent discipline (%)+2005–2012*__female,93.6
Greece,Birth registration (%)+2005–2012*__total,100
Guatemala,Child labour (%)+2005–2012*__total,25.8
Guatemala,Child labour (%)+2005–2012*__male,35.1
Guatemala,Child labour (%)+2005–2012*__female,16.1
Guatemala,Child marriage (%)2005–2012*__married by 15,7.1
Guatemala,Child marriage (%)2005–2012*__married by 18,30.3
Guatemala,Birth registration (%)+2005–2012*__total,96.7
Guinea,Child labour (%)+2005–2012*__total,40.1
Guinea,Child labour (%)+2005–2012*__male,40
Guinea,Child labour (%)+2005–2012*__female,40.1
Guinea,Child marriage (%)2005–2012*__married by 15,19.8
Guinea,Child marriage (%)2005–2012*__married by 18,63.1
Guinea,Birth registration (%)+2005–2012*__total,43.2
Guinea,Female genital mutilation/cutting (%)+2002–2012*_prevalence_womena  ,95.6
Guinea,Female genital mutilation/cutting (%)+2002–2012*_prevalence_girlsb ,56.8
Guinea,Female genital mutilation/cutting (%)+2002–2012*_attitudes_support for the practicec,69.2
Guinea,Justification of wife beating (%) 2005–2012*__female,85.6
Guinea-Bissau,Child labour (%)+2005–2012*__total,38
Guinea-Bissau,Child labour (%)+2005–2012*__male,39.5
Guinea-Bissau,Child labour (%)+2005–2012*__female,36.4
Guinea-Bissau,Child marriage (%)2005–2012*__married by 15,6.5
Guinea-Bissau,Child marriage (%)2005–2012*__married by 18,22
Guinea-Bissau,Birth registration (%)+2005–2012*__total,24.1
Guinea-Bissau,Female genital mutilation/cutting (%)+2002–2012*_prevalence_womena  ,49.8
Guinea-Bissau,Female genital mutilation/cutting (%)+2002–2012*_prevalence_girlsb ,38.7
Guinea-Bissau,Female genital mutilation/cutting (%)+2002–2012*_attitudes_support for the practicec,33.5
Guinea-Bissau,Justification of wife beating (%) 2005–2012*__female,40.2
Guinea-Bissau,Violent discipline (%)+2005–2012*__total,81.6
Guinea-Bissau,Violent discipline (%)+2005–2012*__male,82.4
Guinea-Bissau,Violent discipline (%)+2005–2012*__female,80.7
Guyana,Child labour (%)+2005–2012*__total,16.4
Guyana,Child labour (%)+2005–2012*__male,17.3
Guyana,Child labour (%)+2005–2012*__female,15.5
Guyana,Child marriage (%)2005–2012*__married by 15,5.5
Guyana,Child marriage (%)2005–2012*__married by 18,23
Guyana,Birth registration (%)+2005–2012*__total,87.9
Guyana,Justification of wife beating (%) 2005–2012*__male,19.3
Guyana,Justification of wife beating (%) 2005–2012*__female,16.3
Guyana,Violent discipline (%)+2005–2012*__total,76.3
Guyana,Violent discipline (%)+2005–2012*__male,78.9
Guyana,Violent discipline (%)+2005–2012*__female,73.5
Haiti,Child labour (%)+2005–2012*__total,24.4
Haiti,Child labour (%)+2005–2012*__male,24.5
Haiti,Child labour (%)+2005–2012*__female,24.3
Haiti,Child marriage (%)2005–2012*__married by 15,2.8
Haiti,Child marriage (%)2005–2012*__married by 18,17.5
Haiti,Birth registration (%)+2005–2012*__total,79.7
Haiti,Justification of wife beating (%) 2005–2012*__male,14.9
Haiti,Justification of wife beating (%) 2005–2012*__female,16.7
Haiti,Violent discipline (%)+2005–2012*__total,86
Haiti,Violent discipline (%)+2005–2012*__male,86.6
Haiti,Violent discipline (%)+2005–2012*__female,85.3
Honduras,Child labour (%)+2005–2012*__total,15.6
Honduras,Child labour (%)+2005–2012*__male,16.1
Honduras,Child labour (%)+2005–2012*__female,15
Honduras,Child marriage (%)2005–2012*__married by 15,7.6
Honduras,Child marriage (%)2005–2012*__married by 18,33.6
Honduras,Birth registration (%)+2005–2012*__total,93.6
Honduras,Justification of wife beating (%) 2005–2012*__male,9.9
Honduras,Justification of wife beating (%) 2005–2012*__female,12.4
Hungary,Birth registration (%)+2005–2012*__total,100
Iceland,Birth registration (%)+2005–2012*__total,100
India,Child labour (%)+2005–2012*__total,11.8
India,Child labour (%)+2005–2012*__male,11.6
India,Child labour (%)+2005–2012*__female,11.9
India,Child marriage (%)2005–2012*__married by 15,18.2
India,Child marriage (%)2005–2012*__married by 18,47.4
India,Birth registration (%)+2005–2012*__total,41.1
India,Justification of wife beating (%) 2005–2012*__male,51
India,Justification of wife beating (%) 2005–2012*__female,54.4
Indonesia,Child labour (%)+2005–2012*__total,6.9
Indonesia,Child labour (%)+2005–2012*__male,7.9
Indonesia,Child labour (%)+2005–2012*__female,5.8
Indonesia,Child marriage (%)2005–2012*__married by 15,3
Indonesia,Child marriage (%)2005–2012*__married by 18,17
Indonesia,Birth registration (%)+2005–2012*__total,67
Indonesia,Justification of wife beating (%) 2005–2012*__male,17
Indonesia,Justification of wife beating (%) 2005–2012*__female,35
Iran (Islamic Republic of),Child labour (%)+2005–2012*__total,11.4
Iran (Islamic Republic of),Child labour (%)+2005–2012*__male,12.5
Iran (Islamic Republic of),Child labour (%)+2005–2012*__female,10.2
Iran (Islamic Republic of),Child marriage (%)2005–2012*__married by 15,2.7
Iran (Islamic Republic of),Child marriage (%)2005–2012*__married by 18,16.7
Iran (Islamic Republic of),Birth registration (%)+2005–2012*__total,98.6
Iraq,Child labour (%)+2005–2012*__total,4.7
Iraq,Child labour (%)+2005–2012*__male,5.4
Iraq,Child labour (%)+2005–2012*__female,4
Iraq,Child marriage (%)2005–2012*__married by 15,4.6
Iraq,Child marriage (%)2005–2012*__married by 18,24.3
Iraq,Birth registration (%)+2005–2012*__total,99.2
Iraq,Female genital mutilation/cutting (%)+2002–2012*_prevalence_womena  ,8.1
Iraq,Female genital mutilation/cutting (%)+2002–2012*_prevalence_girlsb ,3.1
Iraq,Female genital mutilation/cutting (%)+2002–2012*_attitudes_support for the practicec,4.9
Iraq,Justification of wife beating (%) 2005–2012*__female,51.2
Iraq,Violent discipline (%)+2005–2012*__total,79
Iraq,Violent discipline (%)+2005–2012*__male,81.1
Iraq,Violent discipline (%)+2005–2012*__female,76.9
Ireland,Birth registration (%)+2005–2012*__total,100
Israel,Birth registration (%)+2005–2012*__total,100
Italy,Birth registration (%)+2005–2012*__total,100
Jamaica,Child labour (%)+2005–2012*__total,6.1
Jamaica,Child labour (%)+2005–2012*__male,6.8
Jamaica,Child labour (%)+2005–2012*__female,5.4
Jamaica,Child marriage (%)2005–2012*__married by 15,0.6
Jamaica,Child marriage (%)2005–2012*__married by 18,8.6
Jamaica,Birth registration (%)+2005–2012*__total,97.8
Jamaica,Justification of wife beating (%) 2005–2012*__male,21.5
Jamaica,Justification of wife beating (%) 2005–2012*__female,2.9
Jamaica,Violent discipline (%)+2005–2012*__total,88.9
Jamaica,Violent discipline (%)+2005–2012*__male,90.4
Jamaica,Violent discipline (%)+2005–2012*__female,87.3
Japan,Birth registration (%)+2005–2012*__total,100
Jordan,Child labour (%)+2005–2012*__total,1.9
Jordan,Child labour (%)+2005–2012*__male,3.2
Jordan,Child labour (%)+2005–2012*__female,0.4
Jordan,Child marriage (%)2005–2012*__married by 15,0.7
Jordan,Child marriage (%)2005–2012*__married by 18,10.2
Jordan,Birth registration (%)+2005–2012*__total,99.1
Jordan,Justification of wife beating (%) 2005–2012*__female,90
Kazakhstan,Child labour (%)+2005–2012*__total,2.2
Kazakhstan,Child labour (%)+2005–2012*__male,2.4
Kazakhstan,Child labour (%)+2005–2012*__female,2.1
Kazakhstan,Child marriage (%)2005–2012*__married by 15,0.3
Kazakhstan,Child marriage (%)2005–2012*__married by 18,6.1
Kazakhstan,Birth registration (%)+2005–2012*__total,99.7
Kazakhstan,Justification of wife beating (%) 2005–2012*__male,16.7
Kazakhstan,Justification of wife beating (%) 2005–2012*__female,12.2
Kazakhstan,Violent discipline (%)+2005–2012*__total,49.4
Kazakhstan,Violent discipline (%)+2005–2012*__male,53.7
Kazakhstan,Violent discipline (%)+2005–2012*__female,45.1
Kenya,Child labour (%)+2005–2012*__total,25.9
Kenya,Child labour (%)+2005–2012*__male,26.5
Kenya,Child labour (%)+2005–2012*__female,25.2
Kenya,Child marriage (%)2005–2012*__married by 15,6.2
Kenya,Child marriage (%)2005–2012*__married by 18,26.4
Kenya,Birth registration (%)+2005–2012*__total,60
Kenya,Female genital mutilation/cutting (%)+2002–2012*_prevalence_womena  ,27.1
Kenya,Female genital mutilation/cutting (%)+2002–2012*_prevalence_girlsb ,7.7
Kenya,Female genital mutilation/cutting (%)+2002–2012*_attitudes_support for the practicec,9.8
Kenya,Justification of wife beating (%) 2005–2012*__male,44
Kenya,Justification of wife beating (%) 2005–2012*__female,52.6
Kiribati,Child marriage (%)2005–2012*__married by 15,2.8
Kiribati,Child marriage (%)2005–2012*__married by 18,20.3
Kiribati,Birth registration (%)+2005–2012*__total,93.5
Kiribati,Justification of wife beating (%) 2005–2012*__male,59.7
Kiribati,Justification of wife beating (%) 2005–2012*__female,75.6
Kiribati,Violent discipline (%)+2005–2012*__total,81
Kyrgyzstan,Child labour (%)+2005–2012*__total,3.6
Kyrgyzstan,Child labour (%)+2005–2012*__male,4.3
Kyrgyzstan,Child labour (%)+2005–2012*__female,2.9
Kyrgyzstan,Child marriage (%)2005–2012*__married by 15,0.5
Kyrgyzstan,Child marriage (%)2005–2012*__married by 18,10.4
Kyrgyzstan,Birth registration (%)+2005–2012*__total,96
Kyrgyzstan,Justification of wife beating (%) 2005–2012*__female,37.7
Kyrgyzstan,Violent discipline (%)+2005–2012*__total,53.6
Kyrgyzstan,Violent discipline (%)+2005–2012*__male,58.1
Kyrgyzstan,Violent discipline (%)+2005–2012*__female,48.7
Lao People's Democratic Republic,Child labour (%)+2005–2012*__total,10.1
Lao People's Democratic Republic,Child labour (%)+2005–2012*__male,9
Lao People's Democratic Republic,Child labour (%)+2005–2012*__female,11.2
Lao People's Democratic Republic,Child marriage (%)2005–2012*__married by 15,8.9
Lao People's Democratic Republic,Child marriage (%)2005–2012*__married by 18,35.4
Lao People's Democratic Republic,Birth registration (%)+2005–2012*__total,74.8
Lao People's Democratic Republic,Justification of wife beating (%) 2005–2012*__male,49.1
Lao People's Democratic Republic,Justification of wife beating (%) 2005–2012*__female,58.2
Lao People's Democratic Republic,Violent discipline (%)+2005–2012*__total,75.7
Lao People's Democratic Republic,Violent discipline (%)+2005–2012*__male,77.1
Lao People's Democratic Republic,Violent discipline (%)+2005–2012*__female,74.3
Latvia,Birth registration (%)+2005–2012*__total,100
Lebanon,Child labour (%)+2005–2012*__total,1.9
Lebanon,Child labour (%)+2005–2012*__male,2.7
Lebanon,Child labour (%)+2005–2012*__female,0.9
Lebanon,Child marriage (%)2005–2012*__married by 15,1.2
Lebanon,Child marriage (%)2005–2012*__married by 18,6.1
Lebanon,Birth registration (%)+2005–2012*__total,99.5
Lebanon,Justification of wife beating (%) 2005–2012*__female,9.7
Lebanon,Violent discipline (%)+2005–2012*__total,81.9
Lebanon,Violent discipline (%)+2005–2012*__male,82.1
Lebanon,Violent discipline (%)+2005–2012*__female,81.7
Lesotho,Child labour (%)+2005–2012*__total,22.9
Lesotho,Child labour (%)+2005–2012*__male,25
Lesotho,Child labour (%)+2005–2012*__female,20.7
Lesotho,Child marriage (%)2005–2012*__married by 15,2.3
Lesotho,Child marriage (%)2005–2012*__married by 18,18.8
Lesotho,Birth registration (%)+2005–2012*__total,45.1
Lesotho,Justification of wife beating (%) 2005–2012*__male,48.4
Lesotho,Justification of wife beating (%) 2005–2012*__female,37.1
Liberia,Child labour (%)+2005–2012*__total,20.8
Liberia,Child labour (%)+2005–2012*__male,21.1
Liberia,Child labour (%)+2005–2012*__female,20.5
Liberia,Child marriage (%)2005–2012*__married by 15,10.8
Liberia,Child marriage (%)2005–2012*__married by 18,37.9
Liberia,Birth registration (%)+2005–2012*__total,3.6
Liberia,Female genital mutilation/cutting (%)+2002–2012*_prevalence_womena  ,65.7
Liberia,Female genital mutilation/cutting (%)+2002–2012*_attitudes_support for the practicec,45.2
Liberia,Justification of wife beating (%) 2005–2012*__male,30.2
Liberia,Justification of wife beating (%) 2005–2012*__female,59.3
Liberia,Violent discipline (%)+2005–2012*__total,94
Liberia,Violent discipline (%)+2005–2012*__male,94
Liberia,Violent discipline (%)+2005–2012*__female,94
Liechtenstein,Birth registration (%)+2005–2012*__total,100
Lithuania,Birth registration (%)+2005–2012*__total,100
Luxembourg,Birth registration (%)+2005–2012*__total,100
Madagascar,Child labour (%)+2005–2012*__total,28.1
Madagascar,Child labour (%)+2005–2012*__male,29.4
Madagascar,Child labour (%)+2005–2012*__female,26.7
Madagascar,Child marriage (%)2005–2012*__married by 15,14.4
Madagascar,Child marriage (%)2005–2012*__married by 18,48.2
Madagascar,Birth registration (%)+2005–2012*__total,79.7
Madagascar,Justification of wife beating (%) 2005–2012*__male,30.1
Madagascar,Justification of wife beating (%) 2005–2012*__female,32.3
Malawi,Child labour (%)+2005–2012*__total,25.7
Malawi,Child labour (%)+2005–2012*__male,25.3
Malawi,Child labour (%)+2005–2012*__female,26.2
Malawi,Child marriage (%)2005–2012*__married by 15,11.7
Malawi,Child marriage (%)2005–2012*__married by 18,49.6
Malawi,Justification of wife beating (%) 2005–2012*__male,12.9
Malawi,Justification of wife beating (%) 2005–2012*__female,12.6
Maldives,Child marriage (%)2005–2012*__married by 15,0.3
Maldives,Child marriage (%)2005–2012*__married by 18,3.9
Maldives,Birth registration (%)+2005–2012*__total,92.5
Maldives,Justification of wife beating (%) 2005–2012*__male,14.3
Maldives,Justification of wife beating (%) 2005–2012*__female,30.8
Mali,Child labour (%)+2005–2012*__total,21.4
Mali,Child labour (%)+2005–2012*__male,22
Mali,Child labour (%)+2005–2012*__female,20.7
Mali,Child marriage (%)2005–2012*__married by 15,14.5
Mali,Child marriage (%)2005–2012*__married by 18,55
Mali,Birth registration (%)+2005–2012*__total,80.8
Mali,Female genital mutilation/cutting (%)+2002–2012*_prevalence_womena  ,88.5
Mali,Female genital mutilation/cutting (%)+2002–2012*_prevalence_girlsb ,74.3
Mali,Female genital mutilation/cutting (%)+2002–2012*_attitudes_support for the practicec,73.2
Mali,Justification of wife beating (%) 2005–2012*__female,87.2
Malta,Birth registration (%)+2005–2012*__total,100
Marshall Islands,Child marriage (%)2005–2012*__married by 15,5.6
Marshall Islands,Child marriage (%)2005–2012*__married by 18,26.3
Marshall Islands,Birth registration (%)+2005–2012*__total,95.9
Marshall Islands,Justification of wife beating (%) 2005–2012*__male,57.6
Marshall Islands,Justification of wife beating (%) 2005–2012*__female,55.9
Mauritania,Child labour (%)+2005–2012*__total,14.6
Mauritania,Child labour (%)+2005–2012*__male,14.3
Mauritania,Child labour (%)+2005–2012*__female,14.9
Mauritania,Child marriage (%)2005–2012*__married by 15,14.2
Mauritania,Child marriage (%)2005–2012*__married by 18,34.3
Mauritania,Birth registration (%)+2005–2012*__total,58.8
Mauritania,Female genital mutilation/cutting (%)+2002–2012*_prevalence_womena  ,69.4
Mauritania,Female genital mutilation/cutting (%)+2002–2012*_prevalence_girlsb ,53.6
Mauritania,Female genital mutilation/cutting (%)+2002–2012*_attitudes_support for the practicec,40.7
Mauritania,Justification of wife beating (%) 2005–2012*__female,37.9
Mauritania,Violent discipline (%)+2005–2012*__total,86.9
Mauritania,Violent discipline (%)+2005–2012*__male,86.5
Mauritania,Violent discipline (%)+2005–2012*__female,87.2
Mexico,Child labour (%)+2005–2012*__total,6.3
Mexico,Child labour (%)+2005–2012*__male,7.3
Mexico,Child labour (%)+2005–2012*__female,5.3
Mexico,Child marriage (%)2005–2012*__married by 15,5.1
Mexico,Child marriage (%)2005–2012*__married by 18,22.9
Mexico,Birth registration (%)+2005–2012*__total,93.4
Monaco,Birth registration (%)+2005–2012*__total,100
Mongolia,Child labour (%)+2005–2012*__total,10.4
Mongolia,Child labour (%)+2005–2012*__male,10.3
Mongolia,Child labour (%)+2005–2012*__female,10.6
Mongolia,Child marriage (%)2005–2012*__married by 15,0.1
Mongolia,Child marriage (%)2005–2012*__married by 18,4.7
Mongolia,Birth registration (%)+2005–2012*__total,99
Mongolia,Justification of wife beating (%) 2005–2012*__male,8.8
Mongolia,Justification of wife beating (%) 2005–2012*__female,10.1
Mongolia,Violent discipline (%)+2005–2012*__total,45.6
Mongolia,Violent discipline (%)+2005–2012*__male,48
Mongolia,Violent discipline (%)+2005–2012*__female,43.1
Montenegro,Child labour (%)+2005–2012*__total,9.9
Montenegro,Child labour (%)+2005–2012*__male,11.7
Montenegro,Child labour (%)+2005–2012*__female,7.8
Montenegro,Child marriage (%)2005–2012*__married by 15,0.2
Montenegro,Child marriage (%)2005–2012*__married by 18,4.8
Montenegro,Birth registration (%)+2005–2012*__total,99
Montenegro,Justification of wife beating (%) 2005–2012*__female,10.9
Montenegro,Violent discipline (%)+2005–2012*__total,63
Montenegro,Violent discipline (%)+2005–2012*__male,64.4
Montenegro,Violent discipline (%)+2005–2012*__female,61.4
Morocco,Child labour (%)+2005–2012*__total,8.3
Morocco,Child labour (%)+2005–2012*__male,9.1
Morocco,Child labour (%)+2005–2012*__female,7.5
Morocco,Child marriage (%)2005–2012*__married by 15,2.5
Morocco,Child marriage (%)2005–2012*__married by 18,15.9
Morocco,Birth registration (%)+2005–2012*__total,94
Morocco,Justification of wife beating (%) 2005–2012*__female,63.9
Morocco,Violent discipline (%)+2005–2012*__total,90.8
Morocco,Violent discipline (%)+2005–2012*__male,92
Morocco,Violent discipline (%)+2005–2012*__female,89.5
Mozambique,Child labour (%)+2005–2012*__total,22.2
Mozambique,Child labour (%)+2005–2012*__male,20.5
Mozambique,Child labour (%)+2005–2012*__female,23.8
Mozambique,Child marriage (%)2005–2012*__married by 15,14.3
Mozambique,Child marriage (%)2005–2012*__married by 18,48.2
Mozambique,Birth registration (%)+2005–2012*__total,47.9
Mozambique,Justification of wife beating (%) 2005–2012*__male,19.9
Mozambique,Justification of wife beating (%) 2005–2012*__female,22.9
Myanmar,Birth registration (%)+2005–2012*__total,72.4
Namibia,Child marriage (%)2005–2012*__married by 15,2.4
Namibia,Child marriage (%)2005–2012*__married by 18,8.6
Namibia,Birth registration (%)+2005–2012*__total,78
Namibia,Justification of wife beating (%) 2005–2012*__male,40.8
Namibia,Justification of wife beating (%) 2005–2012*__female,35.2
Nauru,Child marriage (%)2005–2012*__married by 15,1.9
Nauru,Child marriage (%)2005–2012*__married by 18,26.8
Nauru,Birth registration (%)+2005–2012*__total,82.6
Nepal,Child labour (%)+2005–2012*__total,33.9
Nepal,Child labour (%)+2005–2012*__male,30.2
Nepal,Child labour (%)+2005–2012*__female,37.8
Nepal,Child marriage (%)2005–2012*__married by 15,10.1
Nepal,Child marriage (%)2005–2012*__married by 18,40.7
Nepal,Birth registration (%)+2005–2012*__total,42.3
Nepal,Justification of wife beating (%) 2005–2012*__male,21.5
Nepal,Justification of wife beating (%) 2005–2012*__female,23.2
Netherlands,Birth registration (%)+2005–2012*__total,100
New Zealand,Birth registration (%)+2005–2012*__total,100
Nicaragua,Child labour (%)+2005–2012*__total,14.5
Nicaragua,Child labour (%)+2005–2012*__male,17.6
Nicaragua,Child labour (%)+2005–2012*__female,11.2
Nicaragua,Child marriage (%)2005–2012*__married by 15,10.4
Nicaragua,Child marriage (%)2005–2012*__married by 18,40.6
Nicaragua,Birth registration (%)+2005–2012*__total,85
Nicaragua,Justification of wife beating (%) 2005–2012*__female,13.7
Niger,Child labour (%)+2005–2012*__total,42.8
Niger,Child labour (%)+2005–2012*__male,42.7
Niger,Child labour (%)+2005–2012*__female,42.9
Niger,Child marriage (%)2005–2012*__married by 15,36.1
Niger,Child marriage (%)2005–2012*__married by 18,74.5
Niger,Birth registration (%)+2005–2012*__total,31.8
Niger,Female genital mutilation/cutting (%)+2002–2012*_prevalence_womena  ,2.2
Niger,Female genital mutilation/cutting (%)+2002–2012*_prevalence_girlsb ,0.9
Niger,Female genital mutilation/cutting (%)+2002–2012*_attitudes_support for the practicec,2.7
Niger,Justification of wife beating (%) 2005–2012*__female,70.1
Nigeria,Child labour (%)+2005–2012*__total,24.7
Nigeria,Child labour (%)+2005–2012*__male,24.1
Nigeria,Child labour (%)+2005–2012*__female,25.3
Nigeria,Child marriage (%)2005–2012*__married by 15,19.6
Nigeria,Child marriage (%)2005–2012*__married by 18,39
Nigeria,Birth registration (%)+2005–2012*__total,41.5
Nigeria,Female genital mutilation/cutting (%)+2002–2012*_prevalence_womena  ,27
Nigeria,Female genital mutilation/cutting (%)+2002–2012*_prevalence_girlsb ,13.8
Nigeria,Female genital mutilation/cutting (%)+2002–2012*_attitudes_support for the practicec,21.2
Nigeria,Justification of wife beating (%) 2005–2012*__female,45.6
Nigeria,Violent discipline (%)+2005–2012*__total,90.8
Nigeria,Violent discipline (%)+2005–2012*__male,91.4
Nigeria,Violent discipline (%)+2005–2012*__female,90.3
Norway,Birth registration (%)+2005–2012*__total,100
Pakistan,Child marriage (%)2005–2012*__married by 15,6.7
Pakistan,Child marriage (%)2005–2012*__married by 18,24
Pakistan,Birth registration (%)+2005–2012*__total,26.5
Panama,Child labour (%)+2005–2012*__total,5.6
Panama,Child labour (%)+2005–2012*__male,8
Panama,Child labour (%)+2005–2012*__female,3
Papua New Guinea,Child marriage (%)2005–2012*__married by 15,2.1
Papua New Guinea,Child marriage (%)2005–2012*__married by 18,21.3
Paraguay,Child labour (%)+2005–2012*__total,14.6
Paraguay,Child labour (%)+2005–2012*__male,16.8
Paraguay,Child labour (%)+2005–2012*__female,12.2
Paraguay,Child marriage (%)2005–2012*__married by 18,17.9
Paraguay,Birth registration (%)+2005–2012*__total,76
Peru,Child labour (%)+2005–2012*__total,33.5
Peru,Child labour (%)+2005–2012*__male,30.6
Peru,Child labour (%)+2005–2012*__female,36.3
Peru,Child marriage (%)2005–2012*__married by 15,2.5
Peru,Child marriage (%)2005–2012*__married by 18,19.1
Peru,Birth registration (%)+2005–2012*__total,96
Philippines,Child marriage (%)2005–2012*__married by 15,2.1
Philippines,Child marriage (%)2005–2012*__married by 18,14.2
Philippines,Birth registration (%)+2005–2012*__total,90
Philippines,Justification of wife beating (%) 2005–2012*__female,14.1
Poland,Birth registration (%)+2005–2012*__total,100
Portugal,Child labour (%)+2005–2012*__total,3.4
Portugal,Child labour (%)+2005–2012*__male,4.2
Portugal,Child labour (%)+2005–2012*__female,2.5
Portugal,Birth registration (%)+2005–2012*__total,100
Republic of Moldova,Child labour (%)+2005–2012*__total,16.3
Republic of Moldova,Child labour (%)+2005–2012*__male,20.2
Republic of Moldova,Child labour (%)+2005–2012*__female,12.3
Republic of Moldova,Child marriage (%)2005–2012*__married by 15,0.5
Republic of Moldova,Child marriage (%)2005–2012*__married by 18,18.9
Republic of Moldova,Birth registration (%)+2005–2012*__total,100
Republic of Moldova,Justification of wife beating (%) 2005–2012*__male,21.7
Republic of Moldova,Justification of wife beating (%) 2005–2012*__female,20.8
Romania,Child labour (%)+2005–2012*__total,0.9
Romania,Child labour (%)+2005–2012*__male,1.2
Romania,Child labour (%)+2005–2012*__female,0.7
Russian Federation,Birth registration (%)+2005–2012*__total,100
Rwanda,Child labour (%)+2005–2012*__total,28.5
Rwanda,Child labour (%)+2005–2012*__male,26.7
Rwanda,Child labour (%)+2005–2012*__female,30.4
Rwanda,Child marriage (%)2005–2012*__married by 15,0.8
Rwanda,Child marriage (%)2005–2012*__married by 18,8.1
Rwanda,Birth registration (%)+2005–2012*__total,63.2
Rwanda,Justification of wife beating (%) 2005–2012*__male,25.1
Rwanda,Justification of wife beating (%) 2005–2012*__female,56.2
Samoa,Birth registration (%)+2005–2012*__total,47.7
Samoa,Justification of wife beating (%) 2005–2012*__male,45.7
Samoa,Justification of wife beating (%) 2005–2012*__female,60.8
San Marino,Birth registration (%)+2005–2012*__total,100
Sao Tome and Principe,Child labour (%)+2005–2012*__total,7.5
Sao Tome and Principe,Child labour (%)+2005–2012*__male,7.7
Sao Tome and Principe,Child labour (%)+2005–2012*__female,7.2
Sao Tome and Principe,Child marriage (%)2005–2012*__married by 15,5
Sao Tome and Principe,Child marriage (%)2005–2012*__married by 18,34.4
Sao Tome and Principe,Birth registration (%)+2005–2012*__total,75.1
Sao Tome and Principe,Justification of wife beating (%) 2005–2012*__male,21.7
Sao Tome and Principe,Justification of wife beating (%) 2005–2012*__female,19.5
Senegal,Child labour (%)+2005–2012*__total,16.5
Senegal,Child labour (%)+2005–2012*__male,17.5
Senegal,Child labour (%)+2005–2012*__female,15.6
Senegal,Child marriage (%)2005–2012*__married by 15,12
Senegal,Child marriage (%)2005–2012*__married by 18,32.9
Senegal,Birth registration (%)+2005–2012*__total,74.6
Senegal,Female genital mutilation/cutting (%)+2002–2012*_prevalence_womena  ,25.7
Senegal,Female genital mutilation/cutting (%)+2002–2012*_prevalence_girlsb ,18
Senegal,Female genital mutilation/cutting (%)+2002–2012*_attitudes_support for the practicec,16.6
Senegal,Justification of wife beating (%) 2005–2012*__male,24.7
Senegal,Justification of wife beating (%) 2005–2012*__female,60
Serbia,Child labour (%)+2005–2012*__total,4.4
Serbia,Child labour (%)+2005–2012*__male,4.5
Serbia,Child labour (%)+2005–2012*__female,4.4
Serbia,Child marriage (%)2005–2012*__married by 15,0.9
Serbia,Child marriage (%)2005–2012*__married by 18,5
Serbia,Birth registration (%)+2005–2012*__total,98.9
Serbia,Justification of wife beating (%) 2005–2012*__male,6.6
Serbia,Justification of wife beating (%) 2005–2012*__female,2.9
Serbia,Violent discipline (%)+2005–2012*__total,67.1
Serbia,Violent discipline (%)+2005–2012*__male,70.3
Serbia,Violent discipline (%)+2005–2012*__female,63.9
Sierra Leone,Child labour (%)+2005–2012*__total,26
Sierra Leone,Child labour (%)+2005–2012*__male,27
Sierra Leone,Child labour (%)+2005–2012*__female,25
Sierra Leone,Child marriage (%)2005–2012*__married by 15,17.7
Sierra Leone,Child marriage (%)2005–2012*__married by 18,43.7
Sierra Leone,Birth registration (%)+2005–2012*__total,78
Sierra Leone,Female genital mutilation/cutting (%)+2002–2012*_prevalence_womena  ,88.3
Sierra Leone,Female genital mutilation/cutting (%)+2002–2012*_prevalence_girlsb ,13.2
Sierra Leone,Female genital mutilation/cutting (%)+2002–2012*_attitudes_support for the practicec,65.9
Sierra Leone,Justification of wife beating (%) 2005–2012*__female,73.3
Sierra Leone,Violent discipline (%)+2005–2012*__total,81.7
Sierra Leone,Violent discipline (%)+2005–2012*__male,81.1
Sierra Leone,Violent discipline (%)+2005–2012*__female,82.3
Slovakia,Birth registration (%)+2005–2012*__total,100
Slovenia,Birth registration (%)+2005–2012*__total,100
Solomon Islands,Child marriage (%)2005–2012*__married by 15,3.1
Solomon Islands,Child marriage (%)2005–2012*__married by 18,22.4
Solomon Islands,Justification of wife beating (%) 2005–2012*__male,65.1
Solomon Islands,Justification of wife beating (%) 2005–2012*__female,68.8
Solomon Islands,Violent discipline (%)+2005–2012*__total,72
Somalia,Child labour (%)+2005–2012*__total,49
Somalia,Child labour (%)+2005–2012*__male,44.5
Somalia,Child labour (%)+2005–2012*__female,53.6
Somalia,Child marriage (%)2005–2012*__married by 15,8.4
Somalia,Child marriage (%)2005–2012*__married by 18,45.3
Somalia,Birth registration (%)+2005–2012*__total,3
Somalia,Female genital mutilation/cutting (%)+2002–2012*_prevalence_womena  ,97.9
Somalia,Female genital mutilation/cutting (%)+2002–2012*_prevalence_girlsb ,46
Somalia,Female genital mutilation/cutting (%)+2002–2012*_attitudes_support for the practicec,64.5
Somalia,Justification of wife beating (%) 2005–2012*__female,75.7
South Africa,Child marriage (%)2005–2012*__married by 15,0.8
South Africa,Child marriage (%)2005–2012*__married by 18,5.6
South Africa,Birth registration (%)+2005–2012*__total,95
South Sudan,Child marriage (%)2005–2012*__married by 15,8.9
South Sudan,Child marriage (%)2005–2012*__married by 18,51.5
South Sudan,Birth registration (%)+2005–2012*__total,35.4
South Sudan,Justification of wife beating (%) 2005–2012*__female,78.5
Spain,Birth registration (%)+2005–2012*__total,100
Sri Lanka,Child marriage (%)2005–2012*__married by 15,1.7
Sri Lanka,Child marriage (%)2005–2012*__married by 18,11.8
Sri Lanka,Birth registration (%)+2005–2012*__total,97.2
Sri Lanka,Justification of wife beating (%) 2005–2012*__female,53.2
State of Palestine,Child labour (%)+2005–2012*__total,5.7
State of Palestine,Child labour (%)+2005–2012*__male,7.4
State of Palestine,Child labour (%)+2005–2012*__female,4
State of Palestine,Child marriage (%)2005–2012*__married by 15,2.2
State of Palestine,Child marriage (%)2005–2012*__married by 18,20.6
State of Palestine,Birth registration (%)+2005–2012*__total,99.3
State of Palestine,Violent discipline (%)+2005–2012*__total,92.8
State of Palestine,Violent discipline (%)+2005–2012*__male,93.7
State of Palestine,Violent discipline (%)+2005–2012*__female,91.8
Sudan,Child marriage (%)2005–2012*__married by 15,7.2
Sudan,Child marriage (%)2005–2012*__married by 18,32.9
Sudan,Birth registration (%)+2005–2012*__total,59.3
Sudan,Female genital mutilation/cutting (%)+2002–2012*_prevalence_womena  ,87.6
Sudan,Female genital mutilation/cutting (%)+2002–2012*_prevalence_girlsb ,37
Sudan,Female genital mutilation/cutting (%)+2002–2012*_attitudes_support for the practicec,42.3
Sudan,Justification of wife beating (%) 2005–2012*__female,47
Suriname,Child labour (%)+2005–2012*__total,4.1
Suriname,Child labour (%)+2005–2012*__male,4.1
Suriname,Child labour (%)+2005–2012*__female,4.1
Suriname,Child marriage (%)2005–2012*__married by 15,5.2
Suriname,Child marriage (%)2005–2012*__married by 18,18.8
Suriname,Birth registration (%)+2005–2012*__total,98.9
Suriname,Justification of wife beating (%) 2005–2012*__female,12.5
Suriname,Violent discipline (%)+2005–2012*__total,86.1
Suriname,Violent discipline (%)+2005–2012*__male,87
Suriname,Violent discipline (%)+2005–2012*__female,85.1
Swaziland,Child labour (%)+2005–2012*__total,7.3
Swaziland,Child labour (%)+2005–2012*__male,7.7
Swaziland,Child labour (%)+2005–2012*__female,6.9
Swaziland,Child marriage (%)2005–2012*__married by 15,0.7
Swaziland,Child marriage (%)2005–2012*__married by 18,6.5
Swaziland,Birth registration (%)+2005–2012*__total,49.5
Swaziland,Justification of wife beating (%) 2005–2012*__male,23.1
Swaziland,Justification of wife beating (%) 2005–2012*__female,27.6
Swaziland,Violent discipline (%)+2005–2012*__total,88.9
Swaziland,Violent discipline (%)+2005–2012*__male,89.7
Swaziland,Violent discipline (%)+2005–2012*__female,88.1
Sweden,Birth registration (%)+2005–2012*__total,100
Switzerland,Birth registration (%)+2005–2012*__total,100
Syrian Arab Republic,Child labour (%)+2005–2012*__total,4
Syrian Arab Republic,Child labour (%)+2005–2012*__male,5
Syrian Arab Republic,Child labour (%)+2005–2012*__female,3
Syrian Arab Republic,Child marriage (%)2005–2012*__married by 15,2.5
Syrian Arab Republic,Child marriage (%)2005–2012*__married by 18,13.3
Syrian Arab Republic,Birth registration (%)+2005–2012*__total,96
Syrian Arab Republic,Violent discipline (%)+2005–2012*__total,88.5
Syrian Arab Republic,Violent discipline (%)+2005–2012*__male,89.5
Syrian Arab Republic,Violent discipline (%)+2005–2012*__female,87.5
Tajikistan,Child labour (%)+2005–2012*__total,10
Tajikistan,Child labour (%)+2005–2012*__male,9.4
Tajikistan,Child labour (%)+2005–2012*__female,10.6
Tajikistan,Child marriage (%)2005–2012*__married by 15,1
Tajikistan,Child marriage (%)2005–2012*__married by 18,12.7
Tajikistan,Birth registration (%)+2005–2012*__total,88.3
Tajikistan,Justification of wife beating (%) 2005–2012*__female,74.4
Tajikistan,Violent discipline (%)+2005–2012*__total,77.7
Tajikistan,Violent discipline (%)+2005–2012*__male,79.9
Tajikistan,Violent discipline (%)+2005–2012*__female,75.2
Thailand,Child labour (%)+2005–2012*__total,8.3
Thailand,Child labour (%)+2005–2012*__male,8.3
Thailand,Child labour (%)+2005–2012*__female,8.2
Thailand,Child marriage (%)2005–2012*__married by 15,2.8
Thailand,Child marriage (%)2005–2012*__married by 18,19.6
Thailand,Birth registration (%)+2005–2012*__total,100
The former Yugoslav Republic of Macedonia,Child labour (%)+2005–2012*__total,12.5
The former Yugoslav Republic of Macedonia,Child labour (%)+2005–2012*__male,12.1
The former Yugoslav Republic of Macedonia,Child labour (%)+2005–2012*__female,13
The former Yugoslav Republic of Macedonia,Child marriage (%)2005–2012*__married by 15,0.9
The former Yugoslav Republic of Macedonia,Child marriage (%)2005–2012*__married by 18,6.9
The former Yugoslav Republic of Macedonia,Birth registration (%)+2005–2012*__total,99.7
The former Yugoslav Republic of Macedonia,Justification of wife beating (%) 2005–2012*__female,14.5
The former Yugoslav Republic of Macedonia,Violent discipline (%)+2005–2012*__total,69.3
The former Yugoslav Republic of Macedonia,Violent discipline (%)+2005–2012*__male,71
The former Yugoslav Republic of Macedonia,Violent discipline (%)+2005–2012*__female,67.4
Timor-Leste,Child labour (%)+2005–2012*__total,4.2
Timor-Leste,Child labour (%)+2005–2012*__male,4.1
Timor-Leste,Child labour (%)+2005–2012*__female,4.4
Timor-Leste,Child marriage (%)2005–2012*__married by 15,3
Timor-Leste,Child marriage (%)2005–2012*__married by 18,18.9
Timor-Leste,Birth registration (%)+2005–2012*__total,55.2
Timor-Leste,Justification of wife beating (%) 2005–2012*__male,80.7
Timor-Leste,Justification of wife beating (%) 2005–2012*__female,86.2
Togo,Child labour (%)+2005–2012*__total,28.3
Togo,Child labour (%)+2005–2012*__male,27.7
Togo,Child labour (%)+2005–2012*__female,28.9
Togo,Child marriage (%)2005–2012*__married by 15,5.8
Togo,Child marriage (%)2005–2012*__married by 18,25.2
Togo,Birth registration (%)+2005–2012*__total,77.9
Togo,Female genital mutilation/cutting (%)+2002–2012*_prevalence_womena  ,3.8
Togo,Female genital mutilation/cutting (%)+2002–2012*_prevalence_girlsb ,0.4
Togo,Female genital mutilation/cutting (%)+2002–2012*_attitudes_support for the practicec,1.9
Togo,Justification of wife beating (%) 2005–2012*__female,43
Togo,Violent discipline (%)+2005–2012*__total,93.2
Togo,Violent discipline (%)+2005–2012*__male,93.9
Togo,Violent discipline (%)+2005–2012*__female,92.6
Trinidad and Tobago,Child labour (%)+2005–2012*__total,0.7
Trinidad and Tobago,Child labour (%)+2005–2012*__male,0.7
Trinidad and Tobago,Child labour (%)+2005–2012*__female,0.6
Trinidad and Tobago,Child marriage (%)2005–2012*__married by 15,1.8
Trinidad and Tobago,Child marriage (%)2005–2012*__married by 18,8.1
Trinidad and Tobago,Birth registration (%)+2005–2012*__total,97
Trinidad and Tobago,Justification of wife beating (%) 2005–2012*__female,7.6
Trinidad and Tobago,Violent discipline (%)+2005–2012*__total,77.4
Trinidad and Tobago,Violent discipline (%)+2005–2012*__male,78.4
Trinidad and Tobago,Violent discipline (%)+2005–2012*__female,76.5
Tunisia,Child labour (%)+2005–2012*__total,2.1
Tunisia,Child labour (%)+2005–2012*__male,2.6
Tunisia,Child labour (%)+2005–2012*__female,1.6
Tunisia,Child marriage (%)2005–2012*__married by 18,1.6
Tunisia,Birth registration (%)+2005–2012*__total,99.2
Tunisia,Justification of wife beating (%) 2005–2012*__female,30.3
Tunisia,Violent discipline (%)+2005–2012*__total,93.2
Tunisia,Violent discipline (%)+2005–2012*__male,93.9
Tunisia,Violent discipline (%)+2005–2012*__female,92.3
Turkey,Child labour (%)+2005–2012*__total,2.6
Turkey,Child labour (%)+2005–2012*__male,3.3
Turkey,Child labour (%)+2005–2012*__female,1.8
Turkey,Child marriage (%)2005–2012*__married by 15,2.5
Turkey,Child marriage (%)2005–2012*__married by 18,14
Turkey,Birth registration (%)+2005–2012*__total,93.7
Turkey,Justification of wife beating (%) 2005–2012*__female,24.7
Turkmenistan,Child marriage (%)2005–2012*__married by 15,0.6
Turkmenistan,Child marriage (%)2005–2012*__married by 18,7.3
Turkmenistan,Birth registration (%)+2005–2012*__total,95.5
Turkmenistan,Justification of wife beating (%) 2005–2012*__female,37.7
Tuvalu,Child marriage (%)2005–2012*__married by 18,9.9
Tuvalu,Birth registration (%)+2005–2012*__total,49.9
Tuvalu,Justification of wife beating (%) 2005–2012*__male,73.1
Tuvalu,Justification of wife beating (%) 2005–2012*__female,70
Uganda,Child labour (%)+2005–2012*__total,25.4
Uganda,Child labour (%)+2005–2012*__male,26.9
Uganda,Child labour (%)+2005–2012*__female,23.7
Uganda,Child marriage (%)2005–2012*__married by 15,9.9
Uganda,Child marriage (%)2005–2012*__married by 18,39.7
Uganda,Birth registration (%)+2005–2012*__total,29.9
Uganda,Female genital mutilation/cutting (%)+2002–2012*_prevalence_womena  ,1.4
Uganda,Female genital mutilation/cutting (%)+2002–2012*_prevalence_girlsb ,1.3
Uganda,Female genital mutilation/cutting (%)+2002–2012*_attitudes_support for the practicec,8.7
Uganda,Justification of wife beating (%) 2005–2012*__male,43.7
Uganda,Justification of wife beating (%) 2005–2012*__female,58.3
Ukraine,Child labour (%)+2005–2012*__total,7.3
Ukraine,Child labour (%)+2005–2012*__male,7.9
Ukraine,Child labour (%)+2005–2012*__female,6.7
Ukraine,Child marriage (%)2005–2012*__married by 15,0.2
Ukraine,Child marriage (%)2005–2012*__married by 18,9.9
Ukraine,Birth registration (%)+2005–2012*__total,99.8
Ukraine,Justification of wife beating (%) 2005–2012*__male,11.1
Ukraine,Justification of wife beating (%) 2005–2012*__female,3.6
Ukraine,Violent discipline (%)+2005–2012*__total,70.3
Ukraine,Violent discipline (%)+2005–2012*__male,75.9
Ukraine,Violent discipline (%)+2005–2012*__female,64.8
United Arab Emirates,Birth registration (%)+2005–2012*__total,100
United Kingdom,Birth registration (%)+2005–2012*__total,100
United Republic of Tanzania,Child labour (%)+2005–2012*__total,21.1
United Republic of Tanzania,Child labour (%)+2005–2012*__male,23.3
United Republic of Tanzania,Child labour (%)+2005–2012*__female,18.8
United Republic of Tanzania,Child marriage (%)2005–2012*__married by 15,6.6
United Republic of Tanzania,Child marriage (%)2005–2012*__married by 18,36.9
United Republic of Tanzania,Birth registration (%)+2005–2012*__total,16.3
United Republic of Tanzania,Female genital mutilation/cutting (%)+2002–2012*_prevalence_womena  ,14.6
United Republic of Tanzania,Female genital mutilation/cutting (%)+2002–2012*_prevalence_girlsb ,3.4
United Republic of Tanzania,Female genital mutilation/cutting (%)+2002–2012*_attitudes_support for the practicec,5.5
United Republic of Tanzania,Justification of wife beating (%) 2005–2012*__male,38.1
United Republic of Tanzania,Justification of wife beating (%) 2005–2012*__female,53.5
United States,Birth registration (%)+2005–2012*__total,100
Uruguay,Child labour (%)+2005–2012*__total,7.9
Uruguay,Child labour (%)+2005–2012*__male,8.3
Uruguay,Child labour (%)+2005–2012*__female,7.5
Uruguay,Birth registration (%)+2005–2012*__total,100
Uzbekistan,Child marriage (%)2005–2012*__married by 15,0.3
Uzbekistan,Child marriage (%)2005–2012*__married by 18,7.2
Uzbekistan,Birth registration (%)+2005–2012*__total,99.9
Uzbekistan,Justification of wife beating (%) 2005–2012*__male,59.4
Uzbekistan,Justification of wife beating (%) 2005–2012*__female,69.6
Vanuatu,Child marriage (%)2005–2012*__married by 15,8.8
Vanuatu,Child marriage (%)2005–2012*__married by 18,27.1
Vanuatu,Birth registration (%)+2005–2012*__total,43
Vanuatu,Justification of wife beating (%) 2005–2012*__female,60
Vanuatu,Violent discipline (%)+2005–2012*__total,78
Venezuela (Bolivarian Republic of),Child labour (%)+2005–2012*__total,7.7
Venezuela (Bolivarian Republic of),Child labour (%)+2005–2012*__male,9.2
Venezuela (Bolivarian Republic of),Child labour (%)+2005–2012*__female,6.2
Venezuela (Bolivarian Republic of),Birth registration (%)+2005–2012*__total,81
Viet Nam,Child labour (%)+2005–2012*__total,6.9
Viet Nam,Child labour (%)+2005–2012*__male,6.5
Viet Nam,Child labour (%)+2005–2012*__female,7.4
Viet Nam,Child marriage (%)2005–2012*__married by 15,0.5
Viet Nam,Child marriage (%)2005–2012*__married by 18,9.3
Viet Nam,Birth registration (%)+2005–2012*__total,95
Viet Nam,Justification of wife beating (%) 2005–2012*__female,35.8
Viet Nam,Violent discipline (%)+2005–2012*__total,73.9
Viet Nam,Violent discipline (%)+2005–2012*__male,76.3
Viet Nam,Violent discipline (%)+2005–2012*__female,71.4
Yemen,Child labour (%)+2005–2012*__total,22.7
Yemen,Child labour (%)+2005–2012*__male,21.1
Yemen,Child labour (%)+2005–2012*__female,24.4
Yemen,Child marriage (%)2005–2012*__married by 15,12
Yemen,Child marriage (%)2005–2012*__married by 18,32.3
Yemen,Birth registration (%)+2005–2012*__total,17
Yemen,Female genital mutilation/cutting (%)+2002–2012*_prevalence_womena  ,17
Yemen,Female genital mutilation/cutting (%)+2002–2012*_prevalence_girlsb ,15
Yemen,Female genital mutilation/cutting (%)+2002–2012*_attitudes_support for the practicec,41
Yemen,Violent discipline (%)+2005–2012*__total,94.6
Yemen,Violent discipline (%)+2005–2012*__male,94.5
Yemen,Violent discipline (%)+2005–2012*__female,94.7
Zambia,Child labour (%)+2005–2012*__total,40.6
Zambia,Child labour (%)+2005–2012*__male,41.6
Zambia,Child labour (%)+2005–2012*__female,39.5
Zambia,Child marriage (%)2005–2012*__married by 15,8.5
Zambia,Child marriage (%)2005–2012*__married by 18,41.6
Zambia,Birth registration (%)+2005–2012*__total,14
Zambia,Justification of wife beating (%) 2005–2012*__male,49.3
Zambia,Justification of wife beating (%) 2005–2012*__female,61.9
Zimbabwe,Child marriage (%)2005–2012*__married by 15,3.9
Zimbabwe,Child marriage (%)2005–2012*__married by 18,30.5
Zimbabwe,Birth registration (%)+2005–2012*__total,48.8
Zimbabwe,Justification of wife beating (%) 2005–2012*__male,33.7
Zimbabwe,Justification of wife beating (%) 2005–2012*__female,39.6
